I_0,err-I_0,gamma,err-gamma,beta,err-beta
4.61043e-06,3.45113e-08,5662.02,48.1868,40902.9,42.1012
